{
  "last_value_baseline": {
    "mae": 0.25059045963393756,
    "rmse": 0.3248021539952761,
    "robust_mape": 77.93496118631165,
    "r2": 0.7899246878303299
  },
  "lstm_baseline": {
    "mae": 0.23253971346707372,
    "rmse": 0.30264430010069704,
    "robust_mape": 72.94002642344444,
    "r2": 0.8176094999053176
  },
  "tgcn_gat": {
    "mae": 0.2311241336509995,
    "rmse": 0.30523694289089287,
    "robust_mape": 70.13203127226771,
    "r2": 0.814471169650794
  }
}